{
    "rmse": 0.8581704343832887,
    "mae": 0.6658676896703151,
    "r2": 0.0028302218174924842
}