{
    "rmse": 0.8349288840738448,
    "mae": 0.6434291218037267,
    "r2": 0.05611087497216294
}